{"cameraMode":{"drawMode":0,"name":"Shaded","section":"Shading Mode"},"sceneLighting":true,"audioPlay":false,"sceneViewState":{"m_AlwaysRefresh":false,"showFog":true,"showSkybox":true,"showFlares":true,"showImageEffects":true,"showParticleSystems":true,"showVisualEffectGraphs":true,"m_FxEnabled":true},"in2DMode":false,"pivot":{"x":-28.352048873901368,"y":3.3076539039611818,"z":-8.145170211791993},"rotation":{"x":0.18949635326862336,"y":0.34111422300338747,"z":-0.07279834151268006,"w":0.9183518886566162},"size":0.5515572428703308,"orthographic":false}